feature	metadata	value	coef	stderr	N	N.not.0	pval	qval
Melatonin_pg_g_Stool	Clock_stool	Clock_stool	-0.159272382782799	0.0469476880568396	357	357	0.000771469815884463	0.00385734907942231
Melatonin_pg_g_Stool	Sleep.Latency	Sleep.Latency	0.109635003653993	0.0473937294260578	357	357	0.0212846295571273	0.0532115738928184
Melatonin_pg_g_Stool	Awake_night	Awake_night	0.0452944758479887	0.0504528489768123	357	357	0.369929673900385	0.616549456500642
Melatonin_pg_g_Stool	Sleep_duration_night	Sleep_duration_night	-0.0087696387756889	0.0501492843155927	357	357	0.861282085797235	0.861282085797235
Melatonin_pg_g_Stool	Sleep_duration_day	Sleep_duration_day	-0.00907410271389003	0.0472323424218948	357	357	0.847762207056334	0.861282085797235
