Cohort,Sample_id,Timepoint,Day,Sample_Code_16s,Melatonin_pg_g_Stool,Melatonin_pg_mL
SPIN,M001,t2,1,M001-M6,145.53,nan
SPIN,M001,t2,2,M001-06,176.03,nan
SPIN,M002,t2,1,M002-M6,275.78,nan
SPIN,M002,t2,2,M002-06,185.76,nan
SPIN,M003,t1,1,M003-M3,83.76,nan
SPIN,M003,t1,2,M003-03,110.62,nan
SPIN,M003,t2,1,M003-M6,144.24,nan
SPIN,M003,t2,2,M003-06,324.54,nan
SPIN,M004,t1,1,M004-M3,101.31,nan
SPIN,M004,t1,2,M004-03,148.01,nan
SPIN,M004,t2,1,M004-M6,86.98,nan
SPIN,M004,t2,2,M004-06,110.18,nan
SPIN,M005,t1,1,M005-M3,834.76,nan
SPIN,M005,t1,2,M005-03,995.73,nan
SPIN,M005,t2,1,M005-M6,142.16,nan
SPIN,M005,t2,2,M005-06,110.83,nan
SPIN,M006,t1,1,M006-M3,212.31,nan
SPIN,M006,t1,2,M006-03,267.26,nan
SPIN,M006,t2,1,M006-M6,345.65,nan
SPIN,M006,t2,2,M006-06,291.66,nan
SPIN,M007,t1,1,M007-M3,163.8,nan
SPIN,M007,t1,2,M007-03,187.09,nan
SPIN,M007,t2,1,M007-M6,117.77,nan
SPIN,M007,t2,2,M007-06,172.45,nan
SPIN,M009,t1,1,M009-M3,229.48,nan
SPIN,M009,t1,2,M009-03,993.11,nan
SPIN,M009,t2,1,M009-M6,243.71,nan
SPIN,M009,t2,2,M009-06,188.18,nan
SPIN,M010,t1,1,M010-M3,441.99,nan
SPIN,M010,t1,2,M010-03,228.45,nan
SPIN,M010,t2,1,M010-M6,688.45,nan
SPIN,M010,t2,2,M010-06,415.11,nan
SPIN,M011,t1,1,M011-M3,336.91,nan
SPIN,M011,t1,2,M011-03,282.68,nan
SPIN,M011,t2,1,M011-M6,522.91,nan
SPIN,M011,t2,2,M011-06,234.07,nan
SPIN,M012,t1,1,M012-M3,234,nan
SPIN,M012,t1,2,M012-03,643.4,nan
SPIN,M012,t2,1,M012-M6,51.36,nan
SPIN,M012,t2,2,M012-06,500.99,nan
SPIN,M013,t1,1,M013-M3,104.08,nan
SPIN,M013,t2,1,M013-M6,143.03,nan
SPIN,M013,t2,2,M013-06,146.8,nan
SLEEPY,I001,pre,1,I001-03,210.96,nan
SLEEPY,I001,pre,2,I001-03-2,335.18,nan
SLEEPY,I001,post,1,I001-06,590.47,nan
SLEEPY,I001,post,2,I001-06-2,280.55,nan
SLEEPY,I001,followup,1,I001-12,183.29,nan
SLEEPY,I001,followup,2,I001-12-2,311.03,nan
SLEEPY,I002,pre,1,I002-03,300.71,nan
SLEEPY,I002,pre,2,I002-03-2,360.8,nan
SLEEPY,I002,post,1,I002-06,307.2,nan
SLEEPY,I002,post,2,I002-06-2,429.96,nan
SLEEPY,I002,followup,1,I002-12,nan,nan
SLEEPY,I002,followup,2,I002-12-2,432.1,nan
SLEEPY,I003,pre,1,I003-03,115.83,nan
SLEEPY,I003,pre,2,I003-03-2,91.55,nan
SLEEPY,I003,post,1,I003-06,150.18,nan
SLEEPY,I003,post,2,I003-06-2,161.86,nan
SLEEPY,I004,pre,1,I004-03,135.6,nan
SLEEPY,I004,pre,2,I004-03-2,40.22,nan
SLEEPY,I004,post,1,I004-06,233.96,nan
SLEEPY,I004,post,2,I004-06-2,200.55,nan
SLEEPY,I005,pre,1,I005-03,124.57,nan
SLEEPY,I005,pre,2,I005-03-2,140.8,nan
SLEEPY,I006,pre,1,I006-03,158.8,nan
SLEEPY,I006,pre,2,I006-03-2,115.47,nan
SLEEPY,I006,post,1,I006-06,200.14,nan
SLEEPY,I006,post,2,I006-06-2,162.88,nan
SLEEPY,I007,pre,1,I007-03,129.33,nan
SLEEPY,I007,pre,2,I007-03-2,98.62,nan
SLEEPY,I007,post,1,I007-06,104.41,nan
SLEEPY,I007,post,2,I007-06-2,109.18,nan
SLEEPY,I008,pre,1,I008-03,119.34,nan
SLEEPY,I008,pre,2,I008-03-2,94.31,nan
SLEEPY,I008,post,1,I008-06,306.89,nan
SLEEPY,I008,followup,1,I008-12,143.94,nan
SLEEPY,I008,followup,2,I008-12-2,94.37,nan
SLEEPY,I009,pre,1,I009-03,174.92,nan
SLEEPY,I009,pre,2,I009-03-2,391.2,nan
SLEEPY,I009,post,1,I009-06,148.3,nan
SLEEPY,I009,post,2,I009-06-2,244.98,nan
SLEEPY,I010,pre,1,I010-03,134.9,nan
SLEEPY,I010,pre,2,I010-03-2,61.42,nan
SLEEPY,I010,post,1,I010-06,104.14,nan
SLEEPY,I010,post,2,I010-06-2,152.66,nan
SLEEPY,I010,followup,1,I010-12,51.4,nan
SLEEPY,I010,followup,2,I010-12-2,96.5,nan
SLEEPY,I012,pre,1,I012-03,repeating,nan
SLEEPY,I012,pre,2,I012-03-2,541.98,nan
SLEEPY,I012,post,1,I012-06,127.62,nan
SLEEPY,I012,post,2,I012-06-2,100.97,nan
SLEEPY,I013,pre,1,I013-03,161.08,nan
SLEEPY,I013,pre,2,I013-03-2,228.56,nan
SLEEPY,I013,post,1,I013-06,72.01,nan
SLEEPY,I013,post,2,I013-06-2,124.22,nan
SLEEPY,I014,pre,1,I014-03,165.92,nan
SLEEPY,I014,pre,2,I014-03-2,116.23,nan
SLEEPY,I014,post,1,I014-06,161.77,nan
SLEEPY,I014,post,2,I014-06-2,129.72,nan
SLEEPY,I017,pre,1,I017-03,nan,nan
SLEEPY,I017,pre,2,I017-03-2,nan,nan
SLEEPY,I017,post,1,I017-06,,nan
SLEEPY,I017,post,2,I017-06-2,,nan
SLEEPY,I017,followup,1,I017-12,,nan
SLEEPY,I017,followup,2,I017-12-2,,nan
SDEGU,S001,t1,1,S001-03,100,nan
SDEGU,S001,t2,2,S001-06,56.82,nan
SDEGU,S001,t3,2,S001-12,178.69,nan
SDEGU,S003,t1,1,S003-03,259.23,nan
SDEGU,S003,t2,2,S003-06,133.47,nan
SDEGU,S003,t3,2,S003-12,81.71,nan
SDEGU,S004,t1,1,S004-03,nan,nan
SDEGU,S004,t2,2,S004-06,125.28,nan
SDEGU,S004,t3,2,S004-12,116.47,nan
SDEGU,S005,t1,1,S005-03,63.73,nan
SDEGU,S005,t2,1,S005-06,157.8,nan
SDEGU,S005,t3,1,S005-12,112.89,nan
SDEGU,S006,t1,1,S006-03,212.13,nan
SDEGU,S006,t2,1,S006-06,72.16,nan
SDEGU,S006,t3,2,S006-12,282.39,nan
SDEGU,S007,t1,2,S007-03,77.76,nan
SDEGU,S007,t2,2,S007-06,173.31,nan
SDEGU,S007,t3,2,S007-12,127.49,nan
SDEGU,S009,t1,2,S009-03,159.48,nan
SDEGU,S009,t2,2,S009-06,94.67,nan
SDEGU,S009,t3,1,S009-12,113.62,nan
SDEGU,S010,t1,2,S010-03,50.68,nan
SDEGU,S010,t2,1,S010-06,nan,nan
SDEGU,S010,t3,2,S010-12,108.39,nan
SDEGU,S011,t1,1,S011-03,119.55,nan
SDEGU,S011,t2,1,S011-06,25.54,nan
SDEGU,S011,t3,2,S011-12,79.07,nan
SDEGU,S012,t1,2,S012-03,65.17,nan
SDEGU,S012,t2,1,S012-06,227.93,nan
SDEGU,S012,t3,2,S012-12,194.62,nan
SDEGU,S013,t1,2,S013-03,166.99,nan
SDEGU,S013,t2,2,S013-06,241.56,nan
SDEGU,S013,t3,2,S013-12,373.57,nan
SDEGU,S014,t1,2,S014-03,71.79,nan
SDEGU,S014,t2,2,S014-06,36.82,nan
SDEGU,S014,t3,2,S014-12,81.24,nan
SDEGU,S015,t1,1,S015-03,79.76,nan
SDEGU,S015,t2,2,S015-06,181.76,nan
SDEGU,S015,t3,2,S015-12,259.95,nan
SDEGU,S016,t1,1,S016-03,89.7,nan
SDEGU,S016,t2,2,S016-06,120.96,nan
SDEGU,S016,t3,1,S016-12,64.44,nan
SDEGU,S018,t1,1,S018-03,nan,nan
SDEGU,S018,t2,2,S018-06,297.1,nan
SDEGU,S018,t3,2,S018-12,229.21,nan
SDEGU,S019,t1,1,S019-03,nan,nan
SDEGU,S019,t2,1,S019-06,nan,nan
SDEGU,S019,t3,2,S019-12,185.88,nan
SDEGU,S020,t1,1,S020-03,147.07,nan
SDEGU,S020,t2,2,S020-06,167.38,nan
SDEGU,S020,t3,2,S020-12,247.07,nan
SDEGU,S021,t1,2,S021-03,204.6,nan
SDEGU,S021,t2,2,S021-06,152.34,nan
SDEGU,S021,t3,2,S021-12,235.37,nan
SDEGU,S022,t1,1,S022-03,125.19,nan
SDEGU,S022,t2,2,S022-06,110.88,nan
SDEGU,S022,t3,2,S022-12,87.65,nan
SDEGU,S023,t1,2,S023-03,115.44,nan
SDEGU,S023,t2,2,S023-06,174.53,nan
SDEGU,S023,t3,2,S023-12,170.42,nan
SDEGU,S024,t1,1,S024-03,nan,nan
SDEGU,S024,t2,2,S024-06,172.46,nan
SDEGU,S024,t3,2,S024-12,78.27,nan
SDEGU,S025,t1,2,S025-03,556.65,nan
SDEGU,S025,t2,3,S025-06,136.75,nan
SDEGU,S025,t3,2,S025-12,71.23,nan
SDEGU,S026,t1,2,S026-03,85.66,nan
SDEGU,S026,t2,2,S026-06,134.63,nan
SDEGU,S026,t3,2,S026-12,103.71,nan
SDEGU,S027,t1,1,S027-03,nan,nan
SDEGU,S027,t2,2,S027-06,52.87,nan
SDEGU,S027,t3,2,S027-12,152.22,nan
SDEGU,S028,t2,2,S028-06,106.45,nan
SDEGU,S029,t1,2,S029-03,613.99,nan
SDEGU,S029,t2,2,S029-06,695.21,nan
SDEGU,S029,t3,2,S029-12,255.25,nan
SDEGU,S030,t1,1,S030-03,nan,nan
SDEGU,S030,t2,2,S030-06,116.72,nan
SDEGU,S030,t3,1,S030-12,88.33,nan
SDEGU,S031,t1,2,S031-03,109.36,nan
SDEGU,S031,t2,1,S031-06,nan,nan
SDEGU,S031,t3,2,S031-12,85.8,nan
SDEGU,S032,t1,2,S032-03,91.96,nan
SDEGU,S032,t2,2,S032-06,265.75,nan
SDEGU,S032,t3,2,S032-12,228.96,nan
SDEGU,S033,t1,2,S033-03,81.66,nan
SDEGU,S033,t2,2,S033-06,103.27,nan
SDEGU,S033,t3,2,S033-12,139.33,nan
SDEGU,S034,t2,1,S034-06,124.58,nan
SDEGU,S034,t1,2,S034-03,204.76,nan
SDEGU,S034,t3,2,S034-12,137.22,nan
SDEGU,S035,t1,2,S035-03,50.35,nan
SDEGU,S035,t2,1,S035-06,72.16,nan
SDEGU,S035,t3,2,S035-12,66.97,nan
SDEGU,S036,t1,2,S036-03,177.8,nan
SDEGU,S036,t2,1,S036-06,217.66,nan
SDEGU,S036,t3,2,S036-12,335.12,nan
SDEGU,S037,t1,2,S037-03,147.94,nan
SDEGU,S037,t2,2,S037-06,360.78,nan
SDEGU,S037,t3,2,S037-12,342.18,nan
SDEGU,S038,t1,2,S038-03,53.72,nan
SDEGU,S038,t2,1,S038-06,164.62,nan
SDEGU,S038,t3,2,S038-12,273.73,nan
SDEGU,S040,t1,1,S040-03,334.62,nan
SDEGU,S040,t2,2,S040-06,282.31,nan
SDEGU,S040,t3,1,S040-12,114.27,nan
SDEGU,S041,t1,2,S041-03,210.45,nan
SDEGU,S041,t2,1,S041-06,220.62,nan
SDEGU,S041,t3,2,S041-12,252.89,nan
SDEGU,S042,t1,2,S042-03,547.88,nan
SDEGU,S042,t2,2,S042-06,308.91,nan
SDEGU,S042,t3,2,S042-12,712.01,nan
SDEGU,S043,t1,2,S043-03,149.96,nan
SDEGU,S043,t2,2,S043-06,256.1,nan
SDEGU,S043,t3,1,S043-12,133.16,nan
SDEGU,S044,t1,2,S044-03,190.27,nan
SDEGU,S044,t2,2,S044-06,88.4,nan
SDEGU,S044,t3,3,S044-12,394.76,nan
SDEGU,S045,t1,1,S045-03,111.22,nan
SDEGU,S045,t2,1,S045-06,215.33,nan
SDEGU,S045,t3,2,S045-12,407.06,nan
SDEGU,S046,t1,1,S046-03,249.92,nan
SDEGU,S046,t2,1,S046-06,353.96,nan
SDEGU,S046,t3,2,S046-12,140.37,nan
SDEGU,S047,t1,1,S047-03,121.77,nan
SDEGU,S047,t2,2,S047-06,141.47,nan
SDEGU,S047,t3,2,S047-12,66.6,nan
SDEGU,S048,t1,1,S048-03,286.6,nan
SDEGU,S048,t2,2,S048-06,184.44,nan
SDEGU,S048,t3,2,S048-12,193.99,nan
SDEGU,S049,t1,1,S049-03,144.73,nan
SDEGU,S049,t2,2,S049-06,243.11,nan
SDEGU,S049,t3,2,S049-12,96.22,nan
SDEGU,S050,t1,1,S050-03,97.18,nan
SDEGU,S050,t2,2,S050-06,52.76,nan
SDEGU,S050,t3,2,S050-12,101.86,nan
SDEGU,S051,t1,2,S051-03,226.29,nan
SDEGU,S051,t2,2,S051-06,58.02,nan
SDEGU,S051,t3,2,S051-12,117.54,nan
SDEGU,S052,t1,1,S052-03,92.72,nan
SDEGU,S052,t2,1,S052-06,594.62,nan
SDEGU,S052,t3,1,S052-12,219.87,nan
SDEGU,S053,t1,2,S053-03,176.18,nan
SDEGU,S053,t2,1,S053-06,197.09,nan
SDEGU,S053,t3,2,S053-12,317.92,nan
SDEGU,S054,t1,2,S054-03,99.67,nan
SDEGU,S054,t2,2,S054-06,222.08,nan
SDEGU,S054,t3,2,S054-12,98.19,nan
SDEGU,S055,t1,2,S055-03,195.45,nan
SDEGU,S055,t2,2,S055-06,355.49,nan
SDEGU,S055,t3,2,S055-12,105.56,nan
SDEGU,S056,t1,1,S056-03,761.83,nan
SDEGU,S056,t2,2,S056-06,369.22,nan
SDEGU,S056,t3,2,S056-12,179.77,nan
SDEGU,S057,t1,2,S057-03,150.75,nan
SDEGU,S057,t2,2,S057-06,161.64,nan
SDEGU,S057,t3,2,S057-12,120.5,nan
SDEGU,S058,t1,2,S058-03,224.8,nan
SDEGU,S058,t2,2,S058-06,167.02,nan
SDEGU,S058,t3,2,S058-12,119.71,nan
SDEGU,S059,t1,2,S059-03,250.32,nan
SDEGU,S059,t2,2,S059-06,61.09,nan
SDEGU,S059,t3,2,S059-12,127.04,nan
SDEGU,S060,t1,2,S060-03,332.31,nan
SDEGU,S060,t2,1,S060-06,90.99,nan
SDEGU,S060,t3,1,S060-12,159.84,nan
SDEGU,S062,t1,3,S062-03,68.98,nan
SDEGU,S062,t2,2,S062-06,36.58,nan
SDEGU,S062,t3,2,S062-12,101.62,nan
SDEGU,S063,t2,2,S063-06,221.03,nan
SDEGU,S063,t3,2,S063-12,125.79,nan
SDEGU,S063,t1,2,S063-03,125.69,nan
SDEGU,S064,t1,1,S064-03,130.16,nan
SDEGU,S064,t2,2,S064-06,103.03,nan
SDEGU,S065,t1,1,S065-03,283.26,nan
SDEGU,S065,t2,1,S065-06,192.82,nan
SDEGU,S065,t3,2,S065-12,227.06,nan
SDEGU,S066,t1,2,S066-03,324.56,nan
SDEGU,S066,t3,2,S066-12,177.95,nan
SDEGU,S067,t1,2,S067-03,100.81,nan
SDEGU,S067,t2,1,S067-06,60.98,nan
SDEGU,S068,t1,1,S068-03,nan,nan
SDEGU,S068,t2,2,S068-06,230,nan
SDEGU,S068,t3,2,S068-12,144.86,nan
SDEGU,S069,t1,2,S069-03,55.98,nan
SDEGU,S069,t2,3,S069-06,82.09,nan
SDEGU,S069,t3,2,S069-12,217.18,nan
SDEGU,S070,t1,2,S070-03,154.36,nan
SDEGU,S070,t2,2,S070-06,129.65,nan
SDEGU,S070,t3,2,S070-12,53.04,nan
SDEGU,S071,t1,1,S071-03,78.09,nan
SDEGU,S071,t2,2,S071-06,111.55,nan
SDEGU,S071,t3,2,S071-12,321.58,nan
SDEGU,S072,t1,1,S072-03,nan,nan
SDEGU,S072,t2,2,S072-06,94.62,nan
SDEGU,S072,t3,2,S072-12,54.28,nan
SDEGU,S073,t1,2,S073-03,199.02,nan
SDEGU,S073,t2,2,S073-06,238.12,nan
SDEGU,S073,t3,2,S073-12,75.38,nan
SDEGU,S074,t1,2,S074-03,nan,nan
SDEGU,S074,t2,2,S074-06,158.85,nan
SDEGU,S074,t3,2,S074-12,58.99,nan
SDEGU,S075,t1,2,S075-03,346.11,nan
SDEGU,S075,t2,2,S075-06,50.25,nan
SDEGU,S075,t3,2,S075-12,181.11,nan
SDEGU,S076,t1,2,S076-03,76.47,nan
SDEGU,S076,t2,2,S076-06,100.69,nan
SDEGU,S076,t3,2,S076-12,126.24,nan
SDEGU,S077,t1,2,S077-03,210.34,nan
SDEGU,S077,t2,2,S077-06,131.76,nan
SDEGU,S077,t3,2,S077-12,383.77,nan
SDEGU,S078,t1,2,S078-03,386.75,nan
SDEGU,S078,t2,2,S078-06,57.2,nan
SDEGU,S078,t3,2,S078-12,101.98,nan
SDEGU,S079,t1,2,S079-03,101.96,nan
SDEGU,S079,t2,2,S079-06,330.75,nan
SDEGU,S079,t3,2,S079-12,276.55,nan
SDEGU,S080,t1,2,S080-03,112.43,nan
SDEGU,S080,t2,2,S080-06,90.16,nan
SDEGU,S080,t3,2,S080-12,109.9,nan
SDEGU,S081,t1,2,S081-03,81.15,nan
SDEGU,S081,t2,1,S081-06,81.25,nan
SDEGU,S081,t3,2,S081-12,122.28,nan
SDEGU,S082,t1,2,S082-03,110.85,nan
SDEGU,S082,t2,2,S082-06,99.2,nan
SDEGU,S082,t3,2,S082-12,126.28,nan
SDEGU,S083,t1,2,S083-03,121.86,nan
SDEGU,S083,t2,2,S083-06,58.54,nan
SDEGU,S083,t3,2,S083-12,112.54,nan
SDEGU,S084,t1,1,S084-03,76.02,nan
SDEGU,S084,t2,2,S084-06,120.72,nan
SDEGU,S084,t3,2,S084-12,243.85,nan
SDEGU,S085,t1,2,S085-03,130.13,nan
SDEGU,S085,t2,2,S085-06,228.2,nan
SDEGU,S085,t3,2,S085-12,199.25,nan
SDEGU,S086,t1,2,S086-03,60.15,nan
SDEGU,S086,t2,2,S086-06,243,nan
SDEGU,S086,t3,2,S086-12,298.34,nan
SDEGU,S087,t1,2,S087-03,42.48,nan
SDEGU,S087,t2,2,S087-06,76.37,nan
SDEGU,S087,t3,2,S087-12,97,nan
SDEGU,S088,t1,2,S088-03,486.14,nan
SDEGU,S088,t2,1,S088-06,253.37,nan
SDEGU,S088,t3,2,S088-12,314.93,nan
SDEGU,S089,t1,2,S089-03,57.15,nan
SDEGU,S089,t2,1,S089-06,49.8,nan
SDEGU,S089,t3,2,S089-12,348.04,nan
SDEGU,S090,t1,2,S090-03,214.09,nan
SDEGU,S090,t2,2,S090-06,197.8,nan
SDEGU,S090,t3,2,S090-12,78.68,nan
SDEGU,S091,t1,1,S091-03,74.44,nan
SDEGU,S091,t2,1,S091-06,128.76,nan
SDEGU,S091,t3,1,S091-12,131.22,nan
SDEGU,S092,t1,2,S092-03,70.05,nan
SDEGU,S092,t2,2,S092-06,131.32,nan
SDEGU,S092,t3,2,S092-12,31.21,nan
SDEGU,S093,t1,2,S093-03,276.88,nan
SDEGU,S093,t2,1,S093-06,268.41,nan
SDEGU,S093,t3,1,S093-12,190.74,nan
SDEGU,S094,t1,2,S094-03,80.16,nan
SDEGU,S094,t2,2,S094-06,133.74,nan
SDEGU,S094,t3,2,S094-12,234.6,nan
SDEGU,S095,t1,2,S095-03,116.43,nan
SDEGU,S095,t2,2,S095-06,141.94,nan
SDEGU,S096,t1,2,S096-03,214.49,nan
SDEGU,S096,t2,2,S096-06,155.73,nan
SDEGU,S096,t3,2,S096-12,85.34,nan
SDEGU,S097,t1,2,S097-03,166.52,nan
SDEGU,S097,t2,2,S097-06,101.67,nan
SDEGU,S097,t3,2,S097-12,85.11,nan
SDEGU,S098,t1,2,S098-03,329.88,nan
SDEGU,S098,t2,2,S098-06,259.38,nan
SDEGU,S098,t3,2,S098-12,403.74,nan
SDEGU,S099,t1,2,S099-03,133.71,nan
SDEGU,S099,t2,2,S099-06,101.64,nan
SDEGU,S099,t3,2,S099-12,417.86,nan
SDEGU,S100,t1,2,S100-03,186.97,nan
SDEGU,S100,t2,2,S100-06,354.51,nan
SDEGU,S100,t3,2,S100-12,311.64,nan
SDEGU,S101,t1,1,S101-03,243.63,nan
SDEGU,S101,t2,1,S101-06,215.46,nan
SDEGU,S101,t3,1,S101-12,519.97,nan
SDEGU,S102,t1,2,S102-03,223,nan
SDEGU,S102,t2,1,S102-06,436.33,nan
SDEGU,S102,t3,1,S102-12,222.99,nan
SDEGU,S103,t1,1,S103-03,139.61,nan
SDEGU,S103,t2,1,S103-06,94.81,nan
SDEGU,S103,t3,2,S103-12,116.79,nan
SDEGU,S104,t1,2,S104-03,129.76,nan
SDEGU,S104,t2,1,S104-06,74,nan
SDEGU,S104,t3,2,S104-12,282.96,nan
SDEGU,S105,t1,2,S105-03,429.11,nan
SDEGU,S105,t2,2,S105-06,161.15,nan
SDEGU,S105,t3,2,S105-12,276.53,nan
SDEGU,S106,t1,2,S106-03,29.18,nan
SDEGU,S106,t2,1,S106-06,76.74,nan
SDEGU,S106,t3,2,S106-12,90.98,nan
SDEGU,S107,t1,2,S107-03,509.79,nan
SDEGU,S107,t2,2,S107-06,414.3,nan
SDEGU,S107,t3,2,S107-12,172.88,nan
SDEGU,S108,t1,2,S108-03,nan,nan
SDEGU,S108,t2,2,S108-06,181.5,nan
SDEGU,S108,t3,2,S108-12,253.16,nan
SDEGU,S109,t1,1,S109-03,242.8,nan
SDEGU,S109,t2,1,S109-06,359.78,nan
SDEGU,S109,t3,2,S109-12,85.54,nan
SDEGU,S110,t1,1,S110-03,71.01,nan
SDEGU,S110,t2,2,S110-06,86.27,nan
SDEGU,S110,t3,2,S110-12,105.54,nan
SDEGU,S111,t1,2,S111-03,182.38,nan
SDEGU,S111,t2,2,S111-06,261.79,nan
SDEGU,S111,t3,2,S111-12,162.12,nan
SDEGU,S112,t1,2,S112-03,189.52,nan
SDEGU,S112,t2,1,S112-06,70.32,nan
SDEGU,S112,t3,2,S112-12,244.29,nan
SDEGU,S113,t1,2,S113-03,50.24,nan
SDEGU,S113,t2,2,S113-06,57.51,nan
SDEGU,S113,t3,2,S113-12,154.57,nan
SDEGU,S114,t1,1,S114-03,316.6,nan
SDEGU,S114,t2,2,S114-06,114.13,nan
SDEGU,S114,t3,2,S114-12,83.68,nan
SDEGU,S115,t1,2,S115-03,50.7,nan
SDEGU,S115,t2,2,S115-06,104.2,nan
SDEGU,S115,t3,2,S115-12,77.52,nan
SDEGU,S116,t1,2,S116-03,127.43,nan
SDEGU,S116,t2,2,S116-06,146.02,nan
SDEGU,S116,t3,2,S116-12,174.1,nan
SDEGU,S117,t1,2,S117-03,nan,nan
SDEGU,S117,t2,2,S117-06,209.44,nan
SDEGU,S117,t3,2,S117-12,356.76,nan
SDEGU,S118,t1,2,S118-03,87.39,nan
SDEGU,S118,t2,2,S118-06,136.56,nan
SDEGU,S118,t3,1,S118-12,155.49,nan
SDEGU,S119,t2,2,S119-06,143.34,nan
SDEGU,S119,t3,2,S119-12,82.06,nan
SDEGU,S120,t1,1,S120-03,163.65,nan
SDEGU,S120,t2,2,S120-06,69.46,nan
SDEGU,S121,t1,1,S121-03,nan,nan
SDEGU,S121,t2,2,S121-06,355.13,nan
SDEGU,S121,t3,2,S121-12,294.39,nan
SDEGU,S122,t1,2,S122-03,154.13,nan
SDEGU,S122,t2,2,S122-06,114.16,nan
SDEGU,S122,t3,2,S122-12,384.99,nan
SDEGU,S123,t1,2,S123-03,42.86,nan
SDEGU,S123,t2,2,S123-06,95.93,nan
SDEGU,S123,t3,2,S123-12,270.19,nan
SDEGU,S124,t1,2,S124-03,99.38,nan
SDEGU,S124,t2,2,S124-06,72.25,nan
SDEGU,S124,t3,2,S124-12,39.4,nan
SDEGU,S125,t1,2,S125-03,79.06,nan
SDEGU,S125,t2,2,S125-06,36.27,nan
SDEGU,S125,t3,2,S125-12,108.74,nan
SDEGU,S126,t1,2,S126-03,62.71,nan
SDEGU,S126,t2,2,S126-06,91.37,nan
SDEGU,S126,t3,2,S126-12,86.47,nan
SDEGU,S127,t1,2,S127-03,52.66,nan
SDEGU,S127,t2,2,S127-06,134.31,nan
SDEGU,S127,t3,2,S127-12,62.1,nan
SDEGU,S128,t1,1,S128-03,158.82,nan
SDEGU,S128,t2,2,S128-06,83.99,nan
SDEGU,S128,t3,2,S128-12,151.99,nan
SDEGU,S129,t1,1,S129-03,93.48,nan
SDEGU,S129,t2,2,S129-06,389.04,nan
SDEGU,S129,t3,2,S129-12,554.13,nan
SDEGU,S130,t1,2,S130-03,308.38,nan
SDEGU,S130,t2,1,S130-06,237.85,nan
SDEGU,S160,t2,2,S160-06,80.36,nan
SDEGU,S130,t3,2,S130-12,362.05,nan
SDEGU,S131,t1,2,S131-03,153.63,nan
SDEGU,S131,t2,2,S131-06,308.41,nan
SDEGU,S131,t3,2,S131-12,236.27,nan
SDEGU,S132,t1,2,S132-03,108.63,nan
SDEGU,S132,t2,2,S132-06,120.92,nan
SDEGU,S132,t3,2,S132-12,396.88,nan
SDEGU,S133,t1,2,S133-03,783.48,nan
SDEGU,S133,t2,2,S133-06,149.49,nan
SDEGU,S133,t3,2,S133-12,211.26,nan
SDEGU,S134,t1,2,S134-03,129.17,nan
SDEGU,S134,t2,2,S134-06,69.88,nan
SDEGU,S134,t3,2,S134-12,268.57,nan
SDEGU,S135,t1,2,S135-03,193.66,nan
SDEGU,S135,t2,2,S135-06,99.11,nan
SDEGU,S135,t3,2,S135-12,91.29,nan
SDEGU,S136,t1,2,S136-03,435.23,nan
SDEGU,S136,t2,2,S136-06,61.38,nan
SDEGU,S136,t3,2,S136-12,213.89,nan
SDEGU,S137,t1,1,S137-03,239.71,nan
SDEGU,S137,t2,1,S137-06,112.71,nan
SDEGU,S137,t3,2,S137-12,101.3,nan
SDEGU,S138,t1,2,S138-03,111.06,nan
SDEGU,S138,t2,2,S138-06,204.22,nan
SDEGU,S138,t3,2,S138-12,160.11,nan
SDEGU,S139,t1,1,S139-03,84.5,nan
SDEGU,S139,t2,2,S139-06,80.78,nan
SDEGU,S139,t3,2,S139-12,156.52,nan
SDEGU,S140,t1,1,S140-03,nan,nan
SDEGU,S140,t2,1,S140-06,118.49,nan
SDEGU,S140,t3,2,S140-12,76.79,nan
SDEGU,S141,t1,1,S141-03,138.22,nan
SDEGU,S141,t2,1,S141-06,87.62,nan
SDEGU,S141,t3,2,S141-12,208.43,nan
SDEGU,S142,t1,2,S142-03,288.41,nan
SDEGU,S142,t2,2,S142-06,130.92,nan
SDEGU,S142,t3,2,S142-12,254.76,nan
SDEGU,S143,t1,2,S143-03,105.11,nan
SDEGU,S143,t2,1,S143-06,165.1,nan
SDEGU,S143,t3,2,S143-12,79.04,nan
SDEGU,S144,t1,2,S144-03,152.62,nan
SDEGU,S144,t2,2,S144-06,62.18,nan
SDEGU,S144,t3,2,S144-12,66.4,nan
SDEGU,S145,t1,1,S145-03,79.35,nan
SDEGU,S145,t2,2,S145-06,147.87,nan
SDEGU,S145,t3,2,S145-12,228.85,nan
SDEGU,S146,t1,1,S146-03,91.06,nan
SDEGU,S146,t2,2,S146-06,137.57,nan
SDEGU,S146,t3,2,S146-12,449.81,nan
SDEGU,S147,t1,1,S147-03,122.5,nan
SDEGU,S147,t2,2,S147-06,246.38,nan
SDEGU,S147,t3,2,S147-12,677.8,nan
SDEGU,S148,t1,2,S148-03,343.83,nan
SDEGU,S148,t2,2,S148-06,59.4,nan
SDEGU,S148,t3,2,S148-12,283.28,nan
SDEGU,S149,t1,2,S149-03,102.11,nan
SDEGU,S149,t2,2,S149-06,487.43,nan
SDEGU,S149,t3,2,S149-12,321.06,nan
SDEGU,S150,t1,2,S150-03,234.3,nan
SDEGU,S150,t2,2,S150-06,114.19,nan
SDEGU,S150,t3,2,S150-12,138.78,nan
SDEGU,S152,t1,1,S152-03,303.72,nan
SDEGU,S152,t2,1,S152-06,180.45,nan
SDEGU,S152,t3,2,S152-12,151.31,nan
SDEGU,S153,t1,1,S153-03,114.75,nan
SDEGU,S153,t2,2,S153-06,172,nan
SDEGU,S153,t3,2,S153-12,311.81,nan
SDEGU,S154,t1,2,S154-03,506.22,nan
SDEGU,S154,t2,2,S154-06,155.86,nan
SDEGU,S154,t3,2,S154-12,149.55,nan
SDEGU,S156,t1,2,S156-03,207.47,nan
SDEGU,S156,t2,1,S156-06,166.38,nan
SDEGU,S156,t3,2,S156-12,115.19,nan
SDEGU,S157,t1,1,S157-03,534.24,nan
SDEGU,S157,t2,1,S157-06,373.93,nan
SDEGU,S157,t3,2,S157-12,231.98,nan
SDEGU,S158,t1,2,S158-03,100.05,nan
SDEGU,S158,t2,2,S158-06,72.84,nan
SDEGU,S158,t3,2,S158-12,216.07,nan
SDEGU,S159,t1,2,S159-03,177.39,nan
SDEGU,S159,t2,1,S159-06,133.68,nan
SDEGU,S159,t3,2,S159-12,324.95,nan
SDEGU,S161,t2,2,S161-06,nan,nan
SDEGU,S162,t2,2,S162-06,112.14,nan
SDEGU,S164,t2,2,S164-06,89.11,nan
SDEGU,S165,t2,2,S165-06,74.18,nan
SDEGU,S167,t2,2,S167-06,302.77,nan
SDEGU,S169,t2,2,S169-06,321.02,nan
SDEGU,S170,t2,2,S170-06,145.75,nan
NUTR,F300,t2,1,F300-06,93.59,nan
NUTR,F300,t2,2,F300-06,155.03,nan
NUTR,F302,t1,1,F302-03,nan,nan
NUTR,F302,t1,2,F302-03,119.22,nan
NUTR,F302,t2,1,F302-06,307.46,nan
NUTR,F302,t2,2,F302-06,435.98,nan
NUTR,F303,t1,1,F303-03,24.56,nan
NUTR,F303,t1,2,F303-03,30.87,nan
NUTR,F304,t1,1,F304-03,57.2,nan
NUTR,F304,t1,2,F304-03,72.51,nan
NUTR,F305,t1,1,F305-03,nan,nan
NUTR,F305,t1,2,F305-03,nan,nan
NUTR,F306,t2,1,F306-06,334.52,nan
NUTR,F306,t2,2,F306-06,182.2,nan
NUTR,F307,t1,1,F307-03,1128.64,nan
NUTR,F307,t1,2,F307-03,nan,nan
NUTR,F307,t2,1,F307-06,498.74,nan
NUTR,F307,t2,2,F307-06,55.85,nan
NUTR,F308,t1,1,F308-03,nan,nan
NUTR,F308,t1,2,F308-03,83.31,nan
NUTR,F308,t2,1,F308-06,52.31,nan
NUTR,F308,t2,2,F308-06,94.88,nan
NUTR,F309,t1,1,F309-03,144.26,nan
NUTR,F309,t1,2,F309-03,128.02,nan
NUTR,F309,t2,1,F309-06,258.63,nan
NUTR,F309,t2,2,F309-06,145.35,nan
NUTR,F310,t1,1,F310-03,316.66,nan
NUTR,F310,t1,2,F310-03,nan,nan
NUTR,F310,t2,1,F310-06,92.34,nan
NUTR,F310,t2,2,F310-06,49.48,nan
NUTR,F311,t1,2,F311-03,nan,nan
NUTR,F312,t2,1,F312-06,nan,nan
NUTR,F312,t2,2,F312-06,nan,nan
FETAL,P003,nb,m01,m401-P003,nan,63.44
FETAL,P003,nb,m02,m402-P003,nan,3.87
FETAL,P003,nb,m03,m403-P003,nan,1.12
FETAL,P003,nb,m04,m404-P003,nan,1.12
FETAL,P003,nb,m05,m405-P003,nan,1.03
FETAL,P003,nb,m06,m406-P003,nan,32.87
FETAL,P004,nb,m02,m408-P004,nan,3.64
FETAL,P004,nb,m04,m410-P004,nan,2.79
FETAL,P004,nb,m05,m411-P004,nan,1.21
FETAL,P004,nb,m06,m412-P004,nan,2.86
FETAL,P004,nb,m07,m413-P004,nan,0.96
FETAL,P004,nb,m08,m414-P004,nan,1.94
FETAL,P004,nb,m09,m415-P004,nan,2.84
FETAL,P004,nb,m10,m416-P004,nan,1.04
FETAL,P004,nb,m11,m417-P004,nan,1.51
FETAL,P005,nb,m01,m418-P005,nan,3.15
FETAL,P005,nb,m02,m419-P005,nan,2.54
FETAL,P005,nb,m03,m420-P005,nan,0.81
FETAL,P007,nb,m02,m423-P007,nan,3.1
FETAL,P007,nb,m03,m424-P007,nan,2.23
FETAL,P007,nb,m04,m425-P007,nan,2.54
FETAL,P007,nb,m05,m426-P007,nan,4.03
FETAL,P007,nb,m06,m427-P007,nan,12.6
FETAL,P007,nb,m07,m428-P007,nan,35.22
FETAL,P007,nb,m08,m429-P007,nan,44.8
FETAL,P007,nb,m09,m430-P007,nan,46.8
FETAL,P007,nb,m10,m431-P007,nan,11.46
FETAL,P013,nb,m01,m432-P013,nan,0.49
FETAL,P013,nb,m02,m433-P013,nan,0.44
FETAL,P013,nb,m03,m434-P013,nan,0.44
FETAL,P013,nb,m04,m435-P013,nan,4.55
FETAL,P013,nb,m05,m436-P013,nan,0.35
FETAL,P013,nb,m06,m437-P013,nan,4.99
FETAL,P013,nb,m07,m438-P013,nan,28.84
FETAL,P013,nb,m08,m439-P013,nan,20.6
FETAL,P013,nb,m09,m440-P013,nan,9.68
FETAL,P021,nb,m01,m441-P021,nan,1.52
FETAL,P021,nb,m02,m442-P021,nan,0.92
FETAL,P021,nb,m03,m443-P021,nan,0.92
FETAL,P021,nb,m04,m444-P021,nan,1.52
FETAL,P021,nb,m05,m445-P021,nan,1.34
FETAL,P021,nb,m06,m446-P021,nan,1.19
FETAL,P021,nb,m07,m447-P021,nan,3.1
FETAL,P021,nb,m08,m448-P021,nan,32.27
FETAL,P021,nb,m09,m449-P021,nan,10.82
FETAL,P022,nb,m01,m450-P022,nan,4.9
FETAL,P022,nb,m03,m452-P022,nan,5.04
FETAL,P004,nb,m01,missing?,nan,2.27
FETAL,P004,nb,m03,missing?,nan,1.32
FETAL,P005,nb,m04,missing?,nan,1.35
FETAL,P007,nb,m01,missing?,nan,3.89
FETAL,P022,nb,m02,missing?,nan,nan
FETAL,P003,nb,s01,P003_S01,44.57,nan
FETAL,P003,nb,s02,P003_S02,65.08,nan
FETAL,P003,nb,s03,P003_S03,51.71,nan
FETAL,P004,nb,s01,P004_S01,66.55,nan
FETAL,P004,nb,s02,P004_S02,29.26,nan
FETAL,P004,nb,s03,P004_S03,40.48,nan
FETAL,P004,nb,s04,P004_S04,14.62,nan
FETAL,P005,nb,s01,P005_S01,313.45,nan
FETAL,P005,nb,s02,P005_S02,395.92,nan
FETAL,P005,nb,s03,P005_S03,243.35,nan
FETAL,P007,nb,s01,P007_S01,189.15,nan
FETAL,P007,nb,s02,P007_S02,147.52,nan
FETAL,P007,nb,s03,P007_S03,103.66,nan
FETAL,P007,nb,s04,P007_S04,115.75,nan
FETAL,P007,nb,s05,P007_S05,153.05,nan
FETAL,P007,nb,s06,P007_S06,164.89,nan
FETAL,P007,nb,s07,P007_S07,104.78,nan
FETAL,P008,nb,s01,P008_S01,42.26,nan
FETAL,P008,nb,s02,P008_S02,37.82,nan
FETAL,P008,nb,s03,P008_S03,37.18,nan
FETAL,P008,nb,s04,P008_S04,51.85,nan
FETAL,P008,nb,s05,P008_S05,70.63,nan
FETAL,P008,nb,s06,P008_S06,53.46,nan
FETAL,P013,nb,s01,P013_S01,231.68,nan
FETAL,P013,nb,s02,P013_S02,141.05,nan
FETAL,P013,nb,s03,P013_S03,319.52,nan
FETAL,P021,nb,s01,P021_S01,249.43,nan
FETAL,P021,nb,s02,P021_S02,143.17,nan
FETAL,P021,nb,s03,P021_S03,137.89,nan
FETAL,P022,nb,s01,P022_S01,384.42,nan
FETAL,P022,nb,s02,P022_S02,94.08,nan
FETAL,P028,nb,s01,P028_S01,63.15,nan
FETAL,P028,nb,s02,P028_S02,100.06,nan
FETAL,P028,nb,s03,P028_S03,56.57,nan
FETAL,P028,nb,s04,P028_S04,62.98,nan
FETAL,P034,nb,m01,P034_M01 (melatonin),nan,18.25
FETAL,P034,nb,m02,P034_M02 (melatonin),nan,2.7
FETAL,P034,nb,m03,P034_M03 (melatonin),nan,1.2
FETAL,P034,nb,m04,P034_M04 (melatonin),nan,0.45
FETAL,P034,nb,m05,P034_M05 (melatonin),nan,0.95
FETAL,P034,nb,m06,P034_M06 (melatonin),nan,16.18
FETAL,P034,nb,s01,P034_S01,14.24,nan
FETAL,P034,nb,s02,P034_S02,17.95,nan
FETAL,P034,nb,s03,P034_S03,12.05,nan
FETAL,P036,nb,m01,P036_M01 (melatonin),nan,1.23
FETAL,P036,nb,m02,P036_M02 (melatonin),nan,0.8
FETAL,P036,nb,m03,P036_M03 (melatonin),nan,0.95
FETAL,P036,nb,m04,P036_M04 (melatonin),nan,1.2
FETAL,P036,nb,m05,P036_M05 (melatonin),nan,12.98
FETAL,P036,nb,m06,P036_M06 (melatonin),nan,13.03
FETAL,P036,nb,m07,P036_M07 (melatonin),nan,2.98
FETAL,P036,nb,m08,P036_M08 (melatonin),nan,0.93
FETAL,P036,nb,m09,P036_M09 (melatonin),nan,0.73
FETAL,P036,nb,m10,P036_M10 (melatonin),nan,0.75
FETAL,P036,nb,m11,P036_M11 (melatonin),nan,2.35
FETAL,P036,nb,m12,P036_M12 (melatonin),nan,9.15
FETAL,P036,nb,m13,P036_M13 (melatonin),nan,14.4
FETAL,P036,nb,s01,P036_S01,40.26,nan
FETAL,P036,nb,s02,P036_S02,32.46,nan
FETAL,P036,nb,s03,P036_S03,53.69,nan
FETAL,P036,nb,s04,P036_S04,41.8,nan
COLIC,C03,t1,,C03-03,,nan
COLIC,C04,t1,,C04-03,,nan
COLIC,C05,t1,,C05-03,,nan
COLIC,C25,t2,,C25-06,,nan
