feature	metadata	value	coef	stderr	N	N.not.0	pval	qval
Shannon_Diversity	Melatonin_pg_g_Stool	Melatonin_pg_g_Stool	-0.0744347250419414	0.0310618342870531	112	112	0.0182625057110008	0.117564592030709
Richness	Melatonin_pg_g_Stool	Melatonin_pg_g_Stool	-0.087790782584215	0.0415367190814847	112	112	0.0368334198215531	0.117564592030709
Evenness	Melatonin_pg_g_Stool	Melatonin_pg_g_Stool	-0.0556095980278947	0.0273015476122503	112	112	0.0440867220115158	0.117564592030709
Shannon_Diversity	Clock_stool_numeric	Clock_stool_numeric	0.00748139098991858	0.0310618342870531	112	112	0.810120133747474	0.853198423154852
Richness	Clock_stool_numeric	Clock_stool_numeric	-0.022179115435088	0.0415367190814847	112	112	0.594453708787987	0.853198423154852
Evenness	Clock_stool_numeric	Clock_stool_numeric	0.00961556497427719	0.0273015476122503	112	112	0.725369416467173	0.853198423154852
Rel_Abun_0.1	Melatonin_pg_g_Stool	Melatonin_pg_g_Stool	-0.0120648124788774	0.0650469478669589	112	109	0.853198423154852	0.853198423154852
Rel_Abun_0.1	Clock_stool_numeric	Clock_stool_numeric	0.0350110121990229	0.0650469478669589	112	109	0.591507261617494	0.853198423154852
