feature	metadata	value	coef	stderr	N	N.not.0	pval	qval
Shannon_Diversity	Melatonin_pg_g_Stool	Melatonin_pg_g_Stool	-0.106680768321863	0.0316197507109802	396	396	0.000814894759864764	0.00651915807891811
Richness	Melatonin_pg_g_Stool	Melatonin_pg_g_Stool	-0.123382288258997	0.0409431464609552	396	396	0.00274978817379631	0.0109991526951852
Shannon_Diversity	Clock_stool_numeric	Clock_stool_numeric	0.00984988400872679	0.0316197507109802	396	396	0.755577751550069	0.755577751550069
Richness	Clock_stool_numeric	Clock_stool_numeric	-0.0186132295931742	0.0409431464609551	396	396	0.649639683497864	0.755577751550069
Evenness	Melatonin_pg_g_Stool	Melatonin_pg_g_Stool	-0.0178732717627612	0.022277849737355	396	396	0.42288703235753	0.755577751550069
Evenness	Clock_stool_numeric	Clock_stool_numeric	-0.0104508821180401	0.0223258316889834	396	396	0.639985556799346	0.755577751550069
Rel_Abun_0.1	Melatonin_pg_g_Stool	Melatonin_pg_g_Stool	0.0141072171848246	0.0333497113540515	396	392	0.672520369275601	0.755577751550069
Rel_Abun_0.1	Clock_stool_numeric	Clock_stool_numeric	0.0260965653783237	0.033596122526232	396	392	0.437767847380992	0.755577751550069
