feature	metadata	value	coef	stderr	N	N.not.0	pval	qval
Richness	Melatonin_pg_g_Stool	Melatonin_pg_g_Stool	-0.10406882774907	0.0521375685353449	133	133	0.0480188069942087	0.38415045595367
Rel_Abun_0.1	Melatonin_pg_g_Stool	Melatonin_pg_g_Stool	0.065090861362551	0.0471288320115055	133	133	0.169609674491463	0.678438697965853
Shannon_Diversity	Melatonin_pg_g_Stool	Melatonin_pg_g_Stool	-0.018756841765782	0.042637324040101	133	133	0.660728434927685	0.955164958873604
Shannon_Diversity	Clock_stool_numeric	Clock_stool_numeric	0.0024017843977248	0.042637324040101	133	133	0.955164958873604	0.955164958873604
Richness	Clock_stool_numeric	Clock_stool_numeric	-0.0301286441211001	0.0521375685353449	133	133	0.564352690412938	0.955164958873604
Evenness	Melatonin_pg_g_Stool	Melatonin_pg_g_Stool	-0.0157226622709901	0.0352526961414806	133	133	0.656340008699297	0.955164958873604
Evenness	Clock_stool_numeric	Clock_stool_numeric	-0.00325593687233747	0.0352526961414806	133	133	0.926554245347526	0.955164958873604
Rel_Abun_0.1	Clock_stool_numeric	Clock_stool_numeric	-0.00274116702253521	0.0471288320115055	133	133	0.953707885699437	0.955164958873604
