feature	metadata	value	coef	stderr	N	N.not.0	pval	qval
Shannon_Diversity	Melatonin_pg_g_Stool	Melatonin_pg_g_Stool	-0.117590500041628	0.06733962469337	116	116	0.0834884873818344	0.593306721944771
Shannon_Diversity	Clock_stool_numeric	Clock_stool_numeric	0.085048754048484	0.06733962469337	116	116	0.209195418200647	0.593306721944771
Richness	Clock_stool_numeric	Clock_stool_numeric	0.0732220295805927	0.0601528992744564	116	116	0.226039354124014	0.593306721944771
Evenness	Melatonin_pg_g_Stool	Melatonin_pg_g_Stool	0.0468432324872576	0.0446771382428488	116	116	0.296653360972385	0.593306721944771
Rel_Abun_0.1	Clock_stool_numeric	Clock_stool_numeric	0.0485867460304588	0.0619113170328255	116	116	0.43422491779368	0.694759868469888
Richness	Melatonin_pg_g_Stool	Melatonin_pg_g_Stool	-0.0272114284912422	0.0601528992744564	116	116	0.651868963691104	0.744993101361262
Rel_Abun_0.1	Melatonin_pg_g_Stool	Melatonin_pg_g_Stool	-0.0301959128917346	0.0619113170328255	116	116	0.62668712572743	0.744993101361262
Evenness	Clock_stool_numeric	Clock_stool_numeric	0.00463556425387417	0.0446771382428488	116	116	0.917546144864346	0.917546144864346
